"id","title","alias","category_id","category_title","detail_url","content_text","publish_time_iso","updated_time_iso"
"1054","Phí gửi xe tại Vinhomes Ocean Park 1 là bao nhiêu?","phi-gui-xe-tai-vinhomes-ocean-park-gia-lam-la-bao-nhieu","119","Vinhomes Ocean Park","https://market.vinhomes.vn/blog/phi-gui-xe-tai-vinhomes-ocean-park-gia-lam-la-bao-nhieu","Việc thu phí gửi xe tại Vinhomes Ocean Park 1 sẽ theo từng thời điểm của đơn vị quản lý vận hành. Hiện nay, phí gửi xe tại Vinhomes Ocean Park 1 (áp dụng cho phí theo tháng) như sau: Phí gửi xe ô tô của nhà xe nổi và hầm tại Vinhomes Ocean Park 1 (Gia Lâm) là 1.250.000 đồng/tháng. Riêng nhà xe nổi Hải Âu 3 áp dụng phí gửi xe ô tô là 500.000 đồng/tháng (đến hết 31/12/2024). Phí gửi xe máy là 45.000 đồng/tháng.","2024-09-23T11:59:23.501000+00:00","2026-01-09T04:27:22.828000+00:00"
"857","Phí dịch vụ tại Vinhomes Ocean Park bao nhiêu?","phi-dich-vu-tai-vinhomes-ocean-park-bao-nhieu","119","Vinhomes Ocean Park","https://market.vinhomes.vn/blog/phi-dich-vu-tai-vinhomes-ocean-park-bao-nhieu","Các khoản phí dịch vụ tại Vinhomes Ocean Park bao gồm: Phí dịch vụ thấp tầng: Phí quản lý khu TMDV, Biệt thự thấp tầng khu Ngọc Trai: 16.000 đồng/m2. Phí quản lý Biệt thự thấp tầng các khu Sao Biển, San Hô, Hải Âu, Hải Đăng, Biển Hồ: 14.000 đồng/m2 Phí dịch vụ cao tầng: Khu Saphire: (Dòng sản phẩm Sapphire): 13.000 đồng/m2 Khu Pavillon P1, P2, P3 (Dòng sản phẩm Sapphire +): 13.000 đồng/m2 Khu Pavillon P1, P2, P3 (Dòng sản phẩm Sapphire + với bể sục và tiện ích tầng 13): 17.500 đồng/m2 Khu The Zen Park (Dòng sản phẩm Ruby): 18.000 đồng/m2 Phí sử dụng bể bơi - Miễn phí với Cư dân khu Ruby, Thấp tầng. - Thu phí với các Cư dân khu Sapphire. Đơn giá cụ thể: + Cư dân: 30.000 đồng/người/lượt + Vé tháng: 400.000 đồng/người/lượt + Khách của Cư dân: 200.000 đồng/người/lượt Phí sử dụng BBQ - Miễn phí với Cư dân khu Ruby - Thu phí với các Cư dân khu Sapphire, Thấp tầng + Đơn giá: 200.000 đồng/01 bếp/02 giờ. + Phụ thu: 40.000 đồng/ người tối đa 03 người/bàn + Phụ thu thêm giờ: 100.000 đồng/01 giờ, 200.000 đồng/02 giờ (Yêu cầu đặt lịch và thanh toán trước khi sử dụng trên hệ thống app Vinhomes Resident) Phí sử dụng Hồ Lagoon - Giá vé Cư dân: 200.000 đồng/người/lượt - Giá vé Khách ngoài: 300.000 đồng/người/lượt Phí sử dụng Thuyền Kayak - Thuyền Kayak đơn: 100.000 đồng/01 giờ - Thuyền Kayak đôi: 200.000 đồng/01 giờ - Thuyền Vịt hai chỗ: 200.000 đồng/01 giờ - Thuyền Vịt bốn chỗ: 300.000 đồng/01 giờ","2024-07-06T05:56:07.525000+00:00","2026-01-09T04:23:50.149000+00:00"
"858","Giá thuê có bao gồm hồ bơi/ phòng tập thể hình","gia-thue-co-bao-gom-ho-boi-phong-tap-the-hinh","126","Hướng dẫn, thủ tục thuê","https://market.vinhomes.vn/blog/gia-thue-co-bao-gom-ho-boi-phong-tap-the-hinh","Quý khách gọi đến số Hotline để đặt phòng và được tư vấn trực tiếp: 0985.003.380","2024-06-25T08:16:03.957000+00:00","2024-06-25T08:16:03.961000+00:00"
"855","Căn hộ có cho phép mang thú cưng vào không?","can-ho-co-cho-phep-mang-thu-cung-vao-khong","126","Hướng dẫn, thủ tục thuê","https://market.vinhomes.vn/blog/can-ho-co-cho-phep-mang-thu-cung-vao-khong","Theo qui định chung của khu cao tầng, thú cưng không được phép nuôi tại căn hộ.","2024-06-25T08:16:00.566000+00:00","2024-06-25T08:16:00.570000+00:00"
"854","Tiện ích khác gần Vinhomes Ocean Park là gì?","tien-ich-khac-gan-vinhomes-ocean-park-la-gi","119","Vinhomes Ocean Park","https://market.vinhomes.vn/blog/tien-ich-khac-gan-vinhomes-ocean-park-la-gi","Là một cư dân của Vinhomes Ocean Park , khách hàng không chỉ được tận hưởng những tiện ích nội khu chất lượng quốc tế mà còn được hưởng lợi từ một loạt các tiện ích đa dạng và thú vị trong khu vực xung quanh dự án. Sở hữu vị trí đắc địa tại khu vực huyện Gia Lâm - TP. Hà Nội, khách hàng sẽ được tận hưởng một chuỗi tiện ích đa dạng và thú vị trong vùng lân cận của dự án bao gồm: * Các trường học gần Vinhomes Ocean Park: Đại học VinUni: Khuôn viên Vinhomes Ocean Park - huyện Gia Lâm - TP. Hà Nội (nằm trong khuôn viên dự án) Học viện Nông nghiệp Việt Nam: Thị trấn Trâu Quỳ - huyện Gia Lâm - TP. Hà Nội (cách dự án 2,4km) Hệ thống trường liên cấp Vinschool: Tòa S1.07, S1.08 và S1.09 - khu Sapphire 1 - KĐT Vinhomes Ocean Park - huyện Gia Lâm - TP. Hà Nội (nằm trong khuôn viên dự án) Trường THPT Cao Bá Quát: Số 57 Cổ Bi - huyện Gia Lâm - TP. Hà Nội (cách dự án 4,8km) Trường THPT Nguyễn Văn Cừ: Thôn Thuận Tốn - xã Đa Tốn - huyện Gia Lâm - TP. Hà Nội (cách dự án 4,8km) * Các trung tâm thương mại, siêu thị gần Vinhomes Ocean Park: TTTM Vincom Mega Mall Ocean Park: Khuôn viên Vinhomes Ocean Park - huyện Gia Lâm - TP. Hà Nội (nằm trong khuôn viên dự án) TTTM Vincom Plaza Long Biên: Đường Chu Huy Mân - quận Long Biên - TP. Hà Nội (cách dự án 9,6km) * Bệnh viện gần Vinhomes Ocean Park: Bệnh viện Đa khoa Gia Lâm: Thị trấn Trâu Quỳ - huyện Gia Lâm - TP. Hà Nội (cách dự án 2,4km) Tổng kết lại, Vinhomes Ocean Park không chỉ có những tiện ích nội khu chất lượng mà còn được bao quanh bởi một lượng lớn các tiện ích chất lượng khác, tạo nên một môi trường sống hoàn hảo và tiện nghi cho cư dân.","2024-06-25T08:15:59.386000+00:00","2026-01-09T04:34:55.880000+00:00"
"851","Khu Sapphire 2 - Vinhomes Ocean Park bao gồm tiện ích nội khu nào?","phan-khu-sapphire-2-vinhomes-ocean-park-bao-gom-tien-ich-noi-khu-nao","119","Vinhomes Ocean Park","https://market.vinhomes.vn/blog/phan-khu-sapphire-2-vinhomes-ocean-park-bao-gom-tien-ich-noi-khu-nao","The Sapphire 2 là nơi lý tưởng để tận hưởng cuộc sống đẳng cấp ngay giữa lòng đô thị sầm uất. Kết hợp cùng các tiện ích dịch vụ đa dạng, khu đã trở thành nơi đáng sống bậc nhất cho mọi cư dân. Bên trong nội khu của dự án là những vườn cây xanh rộng mát đem lại không khí trong lành, dễ chịu cho cư dân. Ngoài ra, chuỗi tiện ích của khu còn gồm có bể bơi ngoài trời, sân tennis, bóng rổ, cầu lông, sân chơi trẻ em, sân tập dưỡng sinh, shophouse, shop thương mại, nhà để xe 5 tầng,... tất cả đều đáp ứng tốt nhất nhu cầu sinh hoạt của mọi gia đình.","2024-06-25T08:15:55.891000+00:00","2026-01-09T03:42:39.930000+00:00"
"846","Chính sách hoãn hủy khi thuê căn?","chinh-sach-hoan-huy-khi-thue-can","126","Hướng dẫn, thủ tục thuê","https://market.vinhomes.vn/blog/chinh-sach-hoan-huy-khi-thue-can","Vui lòng liên hệ trực tiếp với chúng tôi qua số điện thoại 0985.003.379 hoặc hòm thư: reservation@vinhomes.vn để được tư vấn","2024-06-25T08:15:50.688000+00:00","2024-06-25T08:15:50.689000+00:00"
"845","Vinhomes có cung cấp dịch vụ đưa đón từ sân bay về dự án không?","vinhomes-co-cung-cap-dich-vu-dua-don-tu-san-bay-ve-du-an-khong","126","Hướng dẫn, thủ tục thuê","https://market.vinhomes.vn/blog/vinhomes-co-cung-cap-dich-vu-dua-don-tu-san-bay-ve-du-an-khong","Hiện tại, Vinhomes chưa triển khai dịch vụ đưa đón từ sân bay về dự án và ngược lại.","2024-06-25T08:15:49.648000+00:00","2024-06-25T08:15:49.649000+00:00"
"844","Tôi có thể sử dụng các dịch vụ như vườn nướng BBQ, sân tennis hay các tiện ích nội khu… không?","toi-co-the-su-dung-cac-dich-vu-nhu-vuon-nuong-bbq-san-tennis-hay-cac-tien-ich-noi-khu-khong","126","Hướng dẫn, thủ tục thuê","https://market.vinhomes.vn/blog/toi-co-the-su-dung-cac-dich-vu-nhu-vuon-nuong-bbq-san-tennis-hay-cac-tien-ich-noi-khu-khong","Quý Khách vui lòng đăng ký trực tiếp với lễ tân và theo giá hiện hành tại thời điểm đặt dịch vụ","2024-06-25T08:15:48.567000+00:00","2024-06-25T08:15:48.570000+00:00"
"841","Khu Sapphire 1 bao gồm tiện ích nội khu nào?","phan-khu-sapphire-1-bao-gom-tien-ich-noi-khu-nao","119","Vinhomes Ocean Park","https://market.vinhomes.vn/blog/phan-khu-sapphire-1-bao-gom-tien-ich-noi-khu-nao","Khu Sapphire 1 tọa lạc tại trung tâm của dự án Vinhomes Ocean Park nên sở hữu hệ thống tiện ích đa dạng bậc nhất cùng cảnh quan đẹp mắt. Các tiện ích nội khu nổi bật bao gồm: sân chơi trẻ em, vườn dưỡng sinh, sân tập ném bóng rổ, sân bóng bàn, sân vườn, đường dạo. Không chỉ vậy, khu còn nằm kề cận với khối thương mại dịch vụ sầm uất cùng với hệ thống giáo dục liên cấp Vinschool phục vụ nhu cầu học tập của những mầm non tương lai.","2024-06-25T08:15:45.102000+00:00","2026-01-09T01:34:49.755000+00:00"
"838","Khu Hải Âu bao gồm tiện ích nội khu nào?","phan-khu-hai-au-bao-gom-tien-ich-noi-khu-nao-2","119","Vinhomes Ocean Park","https://market.vinhomes.vn/blog/phan-khu-hai-au-bao-gom-tien-ich-noi-khu-nao-2","Khi lựa chọn mua nhà tại khu Hải Âu , khách hàng sẽ được tận hưởng một loạt tiện ích nội khu đáng chú ý như sau: Biển hồ nước mặn: Nằm gần kề với khu, cư dân có thể dễ dàng tiếp cận. Tại đây, bạn có thể tận hưởng việc tắm biển và tận dụng ánh nắng mặt trời tại biển hồ nhân tạo duy nhất của Việt Nam. Hồ điều hòa: Giúp cân bằng không khí trong toàn bộ khu, duy trì một khí hậu tươi mát. Bạn cũng có thể thư giãn và tham gia các hoạt động giải trí tại bờ hồ. Khu vui chơi giải trí: Bao gồm trung tâm thương mại, khu vực dã ngoại, các hoạt động tiệc nướng và quảng trường Cá Voi. Hệ thống rèn luyện sức khỏe: Bao gồm khu thể thao, sân tập đa năng và phòng tập gym. Hệ thống y tế và giáo dục: Bao gồm hệ thống trường học liên cấp Vinschool và bệnh viện Vinmec hiện đại.","2024-06-25T08:15:41.893000+00:00","2026-01-09T04:12:30.695000+00:00"
"836","Trong trường hợp cần căn gấp, tôi phải làm gì?","trong-truong-hop-can-can-gap-toi-phai-lam-gi","126","Hướng dẫn, thủ tục thuê","https://market.vinhomes.vn/blog/trong-truong-hop-can-can-gap-toi-phai-lam-gi","Quý Khách gọi đến số Hotline để đặt phòng và được tư vấn trực tiếp: 0985.003.379","2024-06-25T08:15:39.619000+00:00","2024-06-25T08:15:39.622000+00:00"
"820","Khu The Zenpark bao gồm tiện ích nội khu nào?","phan-khu-the-zenpark-bao-gom-tien-ich-noi-khu-nao","119","Vinhomes Ocean Park","https://market.vinhomes.vn/blog/phan-khu-the-zenpark-bao-gom-tien-ich-noi-khu-nao","Điểm đặc biệt của The Zenpark nằm ở phong cách sống đậm chất Nhật Bản, mang đến một trải nghiệm duy nhất không thể tìm thấy ở bất kỳ nơi nào khác. Vườn Nhật là một tiện ích độc đáo chỉ có tại The Zenpark, không xuất hiện ở bất kỳ khu nào khác trong Vinhomes Ocean Park. Sở hữu căn hộ tại đây, khách hàng sẽ được hòa mình vào cuộc sống đậm đà văn hóa Nhật Bản mà không cần phải đi xa đến đất nước mặt trời mọc. Ngoài vườn Nhật, The Zenpark còn tự hào sở hữu một loạt tiện ích dịch vụ cao cấp mang tầm quốc tế, bao gồm nhà để xe 5 tầng với bể bơi mái kính tiêu chuẩn Olympic, các sân thể thao như tennis, bóng rổ, cầu lông, khu vui chơi cho trẻ em, khu tập yoga ngoài trời, các con đường dạo bộ trong khuôn viên đầy cây xanh và hoa...","2024-06-25T08:15:22.538000+00:00","2026-01-09T04:10:59.449000+00:00"
"817","Chủ đầu tư Vinhomes Ocean Park là đơn vị nào?","chu-dau-tu-vinhomes-ocean-park-la-don-vi-nao","119","Vinhomes Ocean Park","https://market.vinhomes.vn/blog/chu-dau-tu-vinhomes-ocean-park-la-don-vi-nao","Vinhomes Ocean Park là một dự án đô thị đẳng cấp tại khu vực phía Đông Thủ đô Hà Nội, được phát triển bởi chủ đầu tư Vinhomes – một thành viên của Tập đoàn Vingroup. Vinhomes là công ty đầu tư, kinh doanh và quản lý bất động sản số 1 Việt Nam với quy mô, tốc độ phát triển và chất lượng dịch vụ đẳng cấp, dẫn dắt thị trường bất động sản Việt Nam phát triển bền vững, tiến tới vươn tầm quốc tế. Với việc ra mắt đại đô thị biển hồ Vinhomes Ocean Park, chủ đầu tư Vinhomes đã góp phần thay đổi thị trường bất động sản phía Đông Hà Nội, biến nơi đây trở thành “bến đỗ lý tưởng” cho người mua nhà cũng như những nhà đầu tư thông minh.","2024-06-25T08:15:19.459000+00:00","2024-06-25T08:15:19.460000+00:00"
"816","Tôi có thể sử dụng phòng họp tại dự án trong thời gian thuê nhà không?","toi-co-the-su-dung-phong-hop-tai-du-an-trong-thoi-gian-thue-nha-khong","126","Hướng dẫn, thủ tục thuê","https://market.vinhomes.vn/blog/toi-co-the-su-dung-phong-hop-tai-du-an-trong-thoi-gian-thue-nha-khong","Vui lòng liên hệ trực tiếp với chúng tôi qua số điện thoại 0985.003.379 hoặc hòm thư: reservation@vinhomes.vn để được tư vấn","2024-06-25T08:15:18.351000+00:00","2024-06-25T08:15:18.352000+00:00"
"809","Tôi có thể thay đổi thời gian đặt căn của mình sang ngày khác trong tương lai không?","toi-co-the-thay-doi-thoi-gian-dat-can-cua-minh-sang-ngay-khac-trong-tuong-lai-khong","126","Hướng dẫn, thủ tục thuê","https://market.vinhomes.vn/blog/toi-co-the-thay-doi-thoi-gian-dat-can-cua-minh-sang-ngay-khac-trong-tuong-lai-khong","Tùy vào tình trạng phòng thời điểm quý khách muốn thay đổi thời gian check-in, chúng tôi sẽ xác nhận với Quý Khách có thể thay đổi được hay không.","2024-06-25T08:15:10.717000+00:00","2024-06-25T08:15:10.717000+00:00"
"808","Hiện trạng bàn giao của mặt bằng thương mại?","hien-trang-ban-giao-cua-mat-bang-thuong-mai","126","Hướng dẫn, thủ tục thuê","https://market.vinhomes.vn/blog/hien-trang-ban-giao-cua-mat-bang-thuong-mai","Căn thô, theo tiêu chuẩn bàn giao của Chủ Đầu Tư","2024-06-25T08:15:09.668000+00:00","2024-06-25T08:15:09.669000+00:00"
"806","Tòa nhà tại khu Sapphire 1 có bao nhiêu tầng?","toa-nha-tai-phan-khu-sapphire-1-co-bao-nhieu-tang","119","Vinhomes Ocean Park","https://market.vinhomes.vn/blog/toa-nha-tai-phan-khu-sapphire-1-co-bao-nhieu-tang","Đại đô thị Vinhomes Ocean Park sở hữu tổng cộng 66 tòa căn hộ, được chia thành 4 khu vực cao tầng khác nhau: Sapphire 1, Sapphire 2, Ruby và Diamond. Trong đó, khu Sapphire 1 sở hữu 11 tòa căn hộ với chiều cao từ 26 - 28 tầng. Cụ thể: Các tòa căn hộ 26 tầng: S1.08, S1.09, S1.10 Các tòa căn hộ 27 tầng: S1.01, S1.02, S1.05, S1.06, S1.12 Các tòa căn hộ 28 tầng: S1.03, S1.07, S1.11","2024-06-25T08:15:07.529000+00:00","2026-01-09T03:22:41.535000+00:00"
"805","Chi phí đặt cọc để giữ căn là bao nhiêu?","chi-phi-dat-coc-de-giu-can-la-bao-nhieu","126","Hướng dẫn, thủ tục thuê","https://market.vinhomes.vn/blog/chi-phi-dat-coc-de-giu-can-la-bao-nhieu","Tất cả các xác nhận đặt căn đảm bảo đều cần được đảm bảo (ký quỹ) bằng thẻ tín dụng hoặc (đặt cọc) bằng tiền mặt với số tiền tương ứng là 2 tháng tiền thuê","2024-06-25T08:15:06.433000+00:00","2024-06-25T08:15:06.437000+00:00"
"804","Tôi có thể đổi từ căn hộ lớn sang loại căn hộ nhỏ hơn được không?","toi-co-the-doi-tu-can-ho-lon-sang-loai-can-ho-nho-hon-duoc-khong","126","Hướng dẫn, thủ tục thuê","https://market.vinhomes.vn/blog/toi-co-the-doi-tu-can-ho-lon-sang-loai-can-ho-nho-hon-duoc-khong","Vui lòng liên hệ trực tiếp với chúng tôi qua số điện thoại 0985.003.379 hoặc hòm thư: v.sales.leasing @vinhomes.vn để được tư vấn","2024-06-25T08:15:05.363000+00:00","2024-06-25T08:15:05.364000+00:00"
"803","Tôi muốn liên hệ thuê mặt bằng thương mại?","toi-muon-lien-he-thue-mat-bang-thuong-mai","126","Hướng dẫn, thủ tục thuê","https://market.vinhomes.vn/blog/toi-muon-lien-he-thue-mat-bang-thuong-mai","Vui lòng liên hệ trực tiếp với chúng tôi qua số điện thoại 0985.003.379 hoặc hòm thư: v.sales.leasing@vinhomes.vn để được tư vấn","2024-06-25T08:15:04.313000+00:00","2024-06-25T08:15:04.313000+00:00"
"795","Khu Sao Biển bao gồm tiện ích nội khu nào?","phan-khu-sao-bien-bao-gom-tien-ich-noi-khu-nao","119","Vinhomes Ocean Park","https://market.vinhomes.vn/blog/phan-khu-sao-bien-bao-gom-tien-ich-noi-khu-nao","Sở hữu căn hộ tại khu Sao Biển, khách hàng sẽ được thừa hưởng những tiện ích nội khu đa dạng và chất lượng sau: Chòi ngắm cảnh ven hồ: Khung cảnh lãng mạn với không gian rộng lớn đầy hơi thở của biển khơi. Đường dạo bộ: Bao quanh theo vườn hoa bốn mùa, mang lại cảm giác thư giãn khi tản bộ Khu vui chơi cho trẻ em: Đa dạng màu sắc, cung cấp nhiều hoạt động giải trí và khám phá. Sân tập gym: Được sắp xếp ngoài trời, tạo ra một không gian năng động và thông thoáng. Khu BBQ: Được xây dựng xung quanh hồ, mang lại không khí mát mẻ, tạo điều kiện thuận lợi cho việc gặp gỡ gia đình và bạn bè. Khu thể thao đa năng: Bao gồm nhiều môn thể thao hấp dẫn như bóng rổ, bóng đá, tennis, bóng chuyền hơi, v.v. Bể bơi nội khu: Hoạt động liên tục để đáp ứng nhu cầu vận động của cư dân suốt bốn mùa. Vườn dưỡng sinh: Dành riêng cho người cao tuổi trong khu vực để tập luyện nhẹ nhàng. Biển hồ nước mặn và hồ điều hòa trung tâm: Tạo ra một loạt trải nghiệm độc đáo như chèo thuyền và các hoạt động thể thao giải trí.","2024-06-25T08:14:55.615000+00:00","2025-12-19T02:47:16.697000+00:00"
"788","Liên hệ Ban Quản lý dự án Vinhomes Ocean Park như thế nào?","lien-he-ban-quan-ly-du-an-vinhomes-ocean-park-nhu-the-nao","119","Vinhomes Ocean Park","https://market.vinhomes.vn/blog/lien-he-ban-quan-ly-du-an-vinhomes-ocean-park-nhu-the-nao","Nhờ sự tận tâm và chuyên nghiệp của ban quản lý tại Vinhomes Ocean Park, cư dân hoàn toàn có thể an tâm khi sinh hoạt hàng ngày tại khu đô thị này. Với sự hỗ trợ của họ, cư dân sẽ được hưởng một cuộc sống tiện nghi và đầy đủ các tiện ích sang trọng mà Vinhomes Ocean Park mang lại. Khách hàng có thể liên hệ Ban Quản lý dự án Vinhomes Ocean Park qua những nguồn sau: - Địa chỉ văn phòng: Sảnh nội khu tòa S103, Khu đô thị Vinhomes Ocean Park, Đa Tốn, Gia Lâm, Hà Nội. Sảnh nội khu tòa S218, Khu đô thị Vinhomes Ocean Park, Đa Tốn, Gia Lâm, Hà Nội. Thời gian hoạt động: 8h30 - 17h30 (trừ các ngày Lễ, Tết) - Hotline 24/7: 1900232389 (chọn nhánh số 4) - Hotline An ninh (trực 24/7) - An ninh cao tầng: 0858001080 - An ninh thấp tầng: 0856001090 - Trông giữ xe: 0888110659","2024-06-25T08:14:47.964000+00:00","2024-09-24T07:24:52.048000+00:00"
"786","Thời gian nhận, trả căn? Check-in sớm/check-out muộn","thoi-gian-nhan-tra-can-check-in-som-check-out-muon","126","Hướng dẫn, thủ tục thuê","https://market.vinhomes.vn/blog/thoi-gian-nhan-tra-can-check-in-som-check-out-muon","Thời gian nhận căn là 14:00 giờ và trả căn là 12:00 giờ. Yêu cầu về check-in sớm và check-out muộn sẽ phụ thuộc tình trạng căn tại từng thời điểm. Để đảm bảo yêu cầu này được thực hiện, Quý Khách vui lòng liên hệ đến số Hotline trong vòng 24 giờ trước ngày nhận căn.","2024-06-25T08:14:45.812000+00:00","2024-06-25T08:14:45.813000+00:00"
"783","Khách thuê có thể gửi hành lý tại quầy lễ tân khi đi du lịch đến nơi khác tại VN không?","khach-thue-co-the-gui-hanh-ly-tai-quay-le-tan-khi-di-du-lich-den-noi-khac-tai-vn-khong","126","Hướng dẫn, thủ tục thuê","https://market.vinhomes.vn/blog/khach-thue-co-the-gui-hanh-ly-tai-quay-le-tan-khi-di-du-lich-den-noi-khac-tai-vn-khong","Do đặc thù của khu cho thuê căn hộ cao tầng có quầy lễ tân nhỏ, chúng tôi rất tiếc không nhận trông giữ hành lý và đồ dùng cá nhân của khách hàng.","2024-06-25T08:14:42.688000+00:00","2024-06-25T08:14:42.690000+00:00"
"778","Khu Ngọc Trai - Vinhomes Ocean Park bao gồm tiện ích nội khu nào?","phan-khu-ngoc-trai-vinhomes-ocean-park-bao-gom-tien-ich-noi-khu-nao","119","Vinhomes Ocean Park","https://market.vinhomes.vn/blog/phan-khu-ngoc-trai-vinhomes-ocean-park-bao-gom-tien-ich-noi-khu-nao","Sức hút của khu Ngọc Trai đến từ không gian sinh thái nguyên bản và hệ thống các tiện ích nổi bật. Từ đó tạo nên một ‘’ốc đảo nghỉ dưỡng’’ ngay giữa lòng đô thị sầm uất. Một số tiện ích nội khu hấp dẫn của khu đó là: Hệ thống sông sinh thái và hồ trải cát trắng 24.5ha Khu vườn cây xanh, hồ Ngọc Trai Tiện ích thể thao như tennis, bóng rổ, cầu lông, bóng chuyền, bể bơi ngoài trời, gym ngoài trời, sân tập dưỡng sinh,...","2024-06-25T08:14:37.617000+00:00","2026-01-09T01:36:28.724000+00:00"
"777","Thời hạn thuê mặt bằng thương mại tối thiểu trong bao lâu?","thoi-han-thue-mat-bang-thuong-mai-toi-thieu-trong-bao-lau","126","Hướng dẫn, thủ tục thuê","https://market.vinhomes.vn/blog/thoi-han-thue-mat-bang-thuong-mai-toi-thieu-trong-bao-lau","Tối thiểu từ 2 năm trở lên","2024-06-25T08:14:36.546000+00:00","2024-06-25T08:14:36.546000+00:00"
"769","Điều kiện thanh toán của Hợp đồng thuê?","dieu-kien-thanh-toan-cua-hop-dong-thue","126","Hướng dẫn, thủ tục thuê","https://market.vinhomes.vn/blog/dieu-kien-thanh-toan-cua-hop-dong-thue","Quý Khách được yêu cầu đặt cọc 3 tháng tiền thuê, kỳ thanh toán từ 3-6 tháng/lần tùy từng trường hợp cụ thể","2024-06-25T08:14:28.088000+00:00","2024-06-25T08:14:28.093000+00:00"
"768","Khu The Pavilion - Vinhomes Ocean Park bao gồm tiện ích nội khu nào?","phan-khu-the-pavilion-vinhomes-ocean-park-bao-gom-tien-ich-noi-khu-nao","119","Vinhomes Ocean Park","https://market.vinhomes.vn/blog/phan-khu-the-pavilion-vinhomes-ocean-park-bao-gom-tien-ich-noi-khu-nao","The Pavilion là một trong những khu nổi bật tại Vinhomes Ocean Park 2. Cư dân sinh sống tại đây sẽ được trải nghiệm những tiện ích nội khu đẳng cấp, phục vụ nhu cầu sinh sống một cách tốt nhất. Những tiện ích nội khu của khu The Pavilion bao gồm: khu vườn nhiệt đới, hồ bơi nhân tạo khổng lồ của đảo quốc Sư Tử,vườn thực vật Botanic Garden, khu tản bộ, khu vực mua sắm, ăn uống, siêu thị tiện ích, phòng tập gym – yoga, quảng trường The Ocean View, khu vực BBQ, trường học, hệ thống sân thể thao, phòng đọc sách, an ninh đảm bảo 24/7,…","2024-06-25T08:14:27.058000+00:00","2026-01-09T03:40:07.743000+00:00"
"767","Tiền đặt cọc khi nào được hoàn lại?","tien-dat-coc-khi-nao-duoc-hoan-lai","126","Hướng dẫn, thủ tục thuê","https://market.vinhomes.vn/blog/tien-dat-coc-khi-nao-duoc-hoan-lai","Sau khi khách hoàn thành nghĩa vụ thanh toán bất động sản, kế toán bên Vinhomes sẽ tiến hành các thủ tục để hoàn cọc.","2024-06-25T08:14:26.039000+00:00","2024-06-25T08:14:26.042000+00:00"
"765","Khách thuê có được miễn phí thời gian thi công cải tạo mặt bằng không?","khach-thue-co-duoc-mien-phi-thoi-gian-thi-cong-cai-tao-mat-bang-khong","126","Hướng dẫn, thủ tục thuê","https://market.vinhomes.vn/blog/khach-thue-co-duoc-mien-phi-thoi-gian-thi-cong-cai-tao-mat-bang-khong","Có, thời gian miễn phí thi công cải tạo mặt bằng được xác định tùy từng trường hợp cụ thể","2024-06-25T08:14:23.975000+00:00","2024-06-25T08:14:23.976000+00:00"
"757","Có trung tâm thương mại, cửa hàng mua sắm nào gần khu căn hộ không?","co-trung-tam-thuong-mai-cua-hang-mua-sam-nao-gan-khu-can-ho-khong","126","Hướng dẫn, thủ tục thuê","https://market.vinhomes.vn/blog/co-trung-tam-thuong-mai-cua-hang-mua-sam-nao-gan-khu-can-ho-khong","Trung tâm thương mại, các shophouse rất gần khu căn hộ, thuận tiện cho quý khách mua sắm.","2024-06-25T08:14:15.676000+00:00","2024-06-25T08:14:15.678000+00:00"
"752","Khu The Zurich bao gồm tiện ích nội khu nào?","phan-khu-the-zurich-bao-gom-tien-ich-noi-khu-nao","119","Vinhomes Ocean Park","https://market.vinhomes.vn/blog/phan-khu-the-zurich-bao-gom-tien-ich-noi-khu-nao","The Zurich là khu mang lại tiêu chuẩn sống sang trọng nhất, kế thừa tinh hoa của hệ sinh thái Vinhomes Ocean Park danh giá. Để nâng tầm tiêu chuẩn sống này, The Zurich cung cấp 5 tiện ích độc quyền mà cư dân không thể bỏ qua: - ""Khu vườn trên mây"": Nằm trên tầng mái của mỗi tòa nhà căn hộ, cư dân có thể đắm chìm trong không gian xanh mát, tận hưởng sự yên bình và riêng tư, và thở không khí trong lành. Buổi tối, nơi này mang đến khung cảnh lung linh của ánh đèn thành phố, cung cấp tầm nhìn tuyệt vời nhất trong dự án. - Khu Giải Trí Riêng Biệt: Một khu vực giải trí riêng biệt với nhiều hình thức vui chơi như billiards và bóng bàn. Không chỉ là nơi giải trí sau một ngày làm việc mệt mỏi, mà còn tạo điều kiện cho việc gắn kết gia đình. - Phòng Tập Gym và Yoga Hiện Đại: Trang bị đầy đủ thiết bị hiện đại, phòng tập gym và yoga giúp cư dân duy trì sự cân bằng giữa thể chất và tinh thần. - Khu Vui Chơi Trẻ Em Kidzone: Sáng tạo và đa màu sắc, khu vui chơi này được trang bị đồ chơi và trang thiết bị hiện đại. - Thermal Bath Cao Cấp: Lấy cảm hứng từ các khu nghỉ dưỡng hàng đầu tại Thụy Sĩ, bao gồm phòng xông hơi, bể sục Jacuzzi và bể tắm nước nóng. Cư dân có thể thưởng thức trải nghiệm chăm sóc sức khỏe ""5 sao"", tái tạo năng lượng sau một ngày dài căng thẳng.","2024-06-25T08:14:10.423000+00:00","2026-01-08T18:57:06.431000+00:00"
"750","Căn hộ cho thuê có giới hạn số lượng người ở trong căn không?","can-ho-cho-thue-co-gioi-han-so-luong-nguoi-o-trong-can-khong","126","Hướng dẫn, thủ tục thuê","https://market.vinhomes.vn/blog/can-ho-cho-thue-co-gioi-han-so-luong-nguoi-o-trong-can-khong","Có, số lượng người ở theo tiêu chuẩn là 2 người với loại căn 1 phòng ngủ, 4 người với loại căn 2 phòng ngủ và 6 người với loại căn 3 phòng ngủ","2024-06-25T08:14:08.364000+00:00","2024-06-25T08:14:08.365000+00:00"
"749","Tôi thuê nhà hộ người khác để làm kho hoặc làm văn phòng công ty được không?","toi-thue-nha-ho-nguoi-khac-de-lam-kho-hoac-lam-van-phong-cong-ty-duoc-khong","126","Hướng dẫn, thủ tục thuê","https://market.vinhomes.vn/blog/toi-thue-nha-ho-nguoi-khac-de-lam-kho-hoac-lam-van-phong-cong-ty-duoc-khong","Vui lòng liên hệ trực tiếp với chúng tôi qua số điện thoại 0985.003.379 hoặc hòm thư: reservation@vinhomes.vn để được tư vấn","2024-06-25T08:14:07.339000+00:00","2024-06-25T08:14:07.340000+00:00"
"748","Tòa nhà tại khu The Zurich có bao nhiêu tầng?","toa-nha-tai-phan-khu-the-zurich-co-bao-nhieu-tang","119","Vinhomes Ocean Park","https://market.vinhomes.vn/blog/toa-nha-tai-phan-khu-the-zurich-co-bao-nhieu-tang","Khu The Zurich được xây dựng và thiết kế với tổng diện tích 18.625m2, trong đó chỉ 25% diện tích được sử dụng cho công trình xây dựng, phần còn lại dành cho các không gian xanh và các hệ thống tiện ích. The Zurich bao gồm 3 tòa nhà căn hộ: ZR1, ZR2, ZR3. Cả 3 tòa trên đều có chiều cao là 37 tầng. Là khu đầu tiên thuộc “Tâm điểm thượng lưu” The Metropolitan được cho ra mắt tại Vinhomes Ocean Park, The Zurich hứa hẹn sẽ trở thành lựa chọn tuyệt vời cho các gia đình thượng lưu, mong muốn trải nghiệm mỗi khoảnh khắc đặc biệt giữa không gian của thành phố biển hồ.","2024-06-25T08:14:06.299000+00:00","2026-01-09T03:05:44.545000+00:00"
"747","Phí gửi xe ô tô/xe máy theo tháng?","phi-gui-xe-o-to-xe-may-theo-thang","126","Hướng dẫn, thủ tục thuê","https://market.vinhomes.vn/blog/phi-gui-xe-o-to-xe-may-theo-thang","Quý khách gọi đến số Hotline để đặt phòng và được tư vấn trực tiếp: 0985.003.381","2024-06-25T08:14:05.263000+00:00","2024-06-25T08:14:05.265000+00:00"
"745","Khi muốn chấm dứt Hợp đồng thuê trước hạn, tôi cần biết những gì?","khi-muon-cham-dut-hop-dong-thue-truoc-han-toi-can-biet-nhung-gi","126","Hướng dẫn, thủ tục thuê","https://market.vinhomes.vn/blog/khi-muon-cham-dut-hop-dong-thue-truoc-han-toi-can-biet-nhung-gi","Quý khách vui lòng liên hệ trực tiếp với bạn Sales làm việc trực tiếp với quý khách để được tư vấn.","2024-06-25T08:14:03.219000+00:00","2024-06-25T08:14:03.220000+00:00"
"744","Tôi có thể lấy xác nhận thời gian lưu trú của cơ quan chức năng trong thời gian lưu trú tại khách sạn không?","toi-co-the-lay-xac-nhan-thoi-gian-luu-tru-cua-co-quan-chuc-nang-trong-thoi-gian-luu-tru-tai-khach-sa","126","Hướng dẫn, thủ tục thuê","https://market.vinhomes.vn/blog/toi-co-the-lay-xac-nhan-thoi-gian-luu-tru-cua-co-quan-chuc-nang-trong-thoi-gian-luu-tru-tai-khach-sa","Quý khách liên hệ trực tiếp với lễ tân tại khu căn hộ để được hướng dẫn cụ thể.","2024-06-25T08:14:02.199000+00:00","2024-06-25T08:14:02.200000+00:00"
"739","Tôi muốn thuê mặt bằng thương mại làm dịch vụ nhà hàng/ăn uống có được không?","toi-muon-thue-mat-bang-thuong-mai-lam-dich-vu-nha-hang-an-uong-co-duoc-khong","126","Hướng dẫn, thủ tục thuê","https://market.vinhomes.vn/blog/toi-muon-thue-mat-bang-thuong-mai-lam-dich-vu-nha-hang-an-uong-co-duoc-khong","Các ngành nghề kinh doanh cần đảm bảo về các tiêu chuẩn phòng cháy chữa cháy, an toàn thực phẩm, ô nhiễm tiếng ồn… theo quy định của pháp luật và quy định chung của các Khu đô thị.","2024-06-25T08:13:56.968000+00:00","2024-06-25T08:13:56.971000+00:00"
"735","Khu San Hô - Vinhomes Ocean Park bao gồm tiện ích nội khu nào?","phan-khu-san-ho-vinhomes-ocean-park-bao-gom-tien-ich-noi-khu-nao","119","Vinhomes Ocean Park","https://market.vinhomes.vn/blog/phan-khu-san-ho-vinhomes-ocean-park-bao-gom-tien-ich-noi-khu-nao","Được quy hoạch trong khu đô thị Vinhomes Ocean Park, khu San Hô cũng được thiết kế với hàng loạt tiện ích nội khu hấp dẫn: TTTM Mega Mall Bệnh viện đa khoa quốc tế Vinmec Trường liên cấp Vinschool Đại học Vinuni Hệ thống công viên chủ đề với khu thể dục với 700 máy tập, 60 sân chơi thể thao, 8 bể bơi trong nhà có diện tích hơn 200m2,...","2024-06-25T08:13:52.784000+00:00","2026-01-09T01:37:49.728000+00:00"
"732","Dự án có khu vui chơi cho trẻ em hay không?","du-an-co-khu-vui-choi-cho-tre-em-hay-khong","126","Hướng dẫn, thủ tục thuê","https://market.vinhomes.vn/blog/du-an-co-khu-vui-choi-cho-tre-em-hay-khong","Tại dự án luôn có khu vui chơi cho trẻ và công viên liền kề thuận tiện cho trẻ em vui chơi và người lớn tập thể dục ngoài trời.","2024-06-25T08:13:49.640000+00:00","2024-06-25T08:13:49.640000+00:00"
"730","Tòa nhà tại khu The Zenpark - Vinhomes Ocean Park có bao nhiêu tầng?","toa-nha-tai-phan-khu-the-zenpark-vinhomes-ocean-park-co-bao-nhieu-tang","119","Vinhomes Ocean Park","https://market.vinhomes.vn/blog/toa-nha-tai-phan-khu-the-zenpark-vinhomes-ocean-park-co-bao-nhieu-tang","Khu The Zenpark tại Vinhomes Ocean Park có tổng cộng 4 tòa nhà cao tầng, mỗi tòa cao từ 31 đến 35 tầng, bao gồm: R1.01: 31 tầng nổi + 1 tầng hầm R1.02: 31 tầng nổi + 1 tầng hầm R1.03: 35 tầng nổi + 1 tầng hầm R1.05: 31 tầng nổi + 1 tầng hầm","2024-06-25T08:13:47.510000+00:00","2026-01-10T03:50:26.285000+00:00"
"729","Địa chỉ chính xác của Vinhomes Ocean Park 1 ở đâu?","dia-chi-chinh-xac-cua-vinhomes-ocean-park-o-dau","119","Vinhomes Ocean Park","https://market.vinhomes.vn/blog/dia-chi-chinh-xac-cua-vinhomes-ocean-park-o-dau","Vinhomes Ocean Park 1 nằm trên địa phận 3 xã Đa Tốn, Dương Xá, Kiêu Kỵ, huyện Gia Lâm, thành phố Hà Nội. Địa điểm này được xem là một ""vị trí vàng đắc địa"" tại thủ đô Hà Nội. Sở hữu vị trí gần hai tuyến quốc lộ 5A và 5B, cư dân có thể di chuyển dễ dàng tới trung tâm của thành phố Hà Nội cũng như các tỉnh thành phía Đông thủ đô như Hưng Yên, Hải Dương, Hải Phòng, Bắc Ninh, Bắc Giang. Không chỉ vậy, từ Vinhomes Ocean Park, cư dân có thể kết nối dễ dàng đến khu vực nội đô qua các cây cầu lớn như cầu Thanh Trì (cách 3km), Vĩnh Tuy (cách 8km). Từ vị trí dự án, cư dân cũng chỉ mất khoảng 25 phút là đến được hồ Hoàn Kiếm và khu vực phố cổ, 35 phút tới sân bay Nội Bài.","2024-06-25T08:13:46.432000+00:00","2026-01-09T04:53:44.433000+00:00"
"727","Tòa nhà tại khu The Pavilion - Vinhomes Ocean Park có bao nhiêu tầng?","toa-nha-tai-phan-khu-the-pavilion-vinhomes-ocean-park-co-bao-nhieu-tang","119","Vinhomes Ocean Park","https://market.vinhomes.vn/blog/toa-nha-tai-phan-khu-the-pavilion-vinhomes-ocean-park-co-bao-nhieu-tang","The Pavilion thuộc phân khu The Ocean View của Vinhomes Ocean Park. Phân khu có quy mô xây dựng gồm 04 tòa nhà P1, P2, P3 và P4, cao từ 30 - 32 tầng. The Pavilion là phân khu duy nhất sở hữu 02 tầng hầm để xe thông nhau nên rất thuận tiện cho cư dân sinh sống tại đây.","2024-06-25T08:13:44.488000+00:00","2026-01-09T01:38:08.381000+00:00"
"726","Tòa nhà tại khu Sapphire 2 - Vinhomes Ocean Park có bao nhiêu tầng?","toa-nha-tai-phan-khu-sapphire-2-vinhomes-ocean-park-co-bao-nhieu-tang","119","Vinhomes Ocean Park","https://market.vinhomes.vn/blog/toa-nha-tai-phan-khu-sapphire-2-vinhomes-ocean-park-co-bao-nhieu-tang","Sapphire 2 là khu được ra mắt đầu tiên tại Vinhomes Ocean Park. Khu được thiết kế với quy mô gồm 16 tòa nhà từ S2.01 tới S2.19, mỗi tòa nhà có chiều cao từ 25 - 27 tầng. Các tòa căn hộ đều được bố trí thuận tiện, chỉn chu với một tầng hầm kèm khu để xe 5 tầng và 1 - 2 tầng thương mại được bố trí làm căn hộ shophouse.","2024-06-25T08:13:43.392000+00:00","2026-01-09T01:45:17.728000+00:00"
"PUB001","Quy mo du an","total_area_ha","119","Vinhomes Ocean Park","https://vinhomes.vn/en/Vinhomes-Ocean-Park","Gia tri: 420 ha. Tong dien tich du an Vinhomes Ocean Park. Khu vuc/ap dung: Vinhomes Ocean Park, Gia Lam, Ha Noi. Loai nguon: official_vinhomes. Do tin cay noi bo: high.","","2026-04-09T00:00:00"
"PUB002","Mat do xay dung","construction_density_pct","119","Vinhomes Ocean Park","https://vinhomes.vn/en/Vinhomes-Ocean-Park","Gia tri: 19 percent. Mat do xay dung xap xi cua du an. Khu vuc/ap dung: Vinhomes Ocean Park, Gia Lam, Ha Noi. Loai nguon: official_vinhomes. Do tin cay noi bo: high.","","2026-04-09T00:00:00"
"PUB003","Bien ho nuoc man","salt_lake_area_ha","119","Vinhomes Ocean Park","https://vinhomes.vn/en/Vinhomes-Ocean-Park","Gia tri: 6.1 ha. Bien ho nuoc man quy mo lon trong khu do thi. Khu vuc/ap dung: Vinhomes Ocean Park, Gia Lam, Ha Noi. Loai nguon: official_vinhomes. Do tin cay noi bo: high.","","2026-04-09T00:00:00"
"PUB004","Ho trung tam","central_lake_area_ha","119","Vinhomes Ocean Park","https://vinhomes.vn/en/Vinhomes-Ocean-Park","Gia tri: 24.5 ha. Ho trung tam quy mo lon trong khu do thi. Khu vuc/ap dung: Vinhomes Ocean Park, Gia Lam, Ha Noi. Loai nguon: official_vinhomes. Do tin cay noi bo: high.","","2026-04-09T00:00:00"
"PUB005","Gym Park hon 700 thiet bi","gym_park_devices","119","Vinhomes Ocean Park","https://vinhomes.vn/en/Vinhomes-Ocean-Park","Gia tri: 700 devices. Trang gioi thieu du an neu Gym Park co hon 700 thiet bi tap luyen. Khu vuc/ap dung: Vinhomes Ocean Park, Gia Lam, Ha Noi. Loai nguon: official_vinhomes. Do tin cay noi bo: high.","","2026-04-09T00:00:00"
"PUB006","So cong vien BBQ ngoai troi","bbq_parks","119","Vinhomes Ocean Park","https://vinhomes.vn/en/Vinhomes-Ocean-Park","Gia tri: 6 parks. Trang gioi thieu du an neu co 6 cong vien BBQ ngoai troi voi hon 100 lo BBQ. Khu vuc/ap dung: Vinhomes Ocean Park, Gia Lam, Ha Noi. Loai nguon: official_vinhomes. Do tin cay noi bo: high.","","2026-04-09T00:00:00"
"PUB007","So lo BBQ ngoai troi","bbq_lots","119","Vinhomes Ocean Park","https://vinhomes.vn/en/Vinhomes-Ocean-Park","Gia tri: 100 lots_plus. Trang gioi thieu du an neu co hon 100 lo BBQ ngoai troi. Khu vuc/ap dung: Vinhomes Ocean Park, Gia Lam, Ha Noi. Loai nguon: official_vinhomes. Do tin cay noi bo: high.","","2026-04-09T00:00:00"
"PUB008","Khu the thao","sports_areas","119","Vinhomes Ocean Park","https://vinhomes.vn/en/Vinhomes-Ocean-Park","Gia tri: 150 areas. Trang gioi thieu du an neu co 150 khu the thao. Khu vuc/ap dung: Vinhomes Ocean Park, Gia Lam, Ha Noi. Loai nguon: official_vinhomes. Do tin cay noi bo: high.","","2026-04-09T00:00:00"
"PUB009","Tong san choi tre em","playgrounds","119","Vinhomes Ocean Park","https://vinhomes.vn/en/Vinhomes-Ocean-Park","Gia tri: 60 playgrounds_plus. Trang gioi thieu du an neu co hon 60 san choi cho tre em. Khu vuc/ap dung: Vinhomes Ocean Park, Gia Lam, Ha Noi. Loai nguon: official_vinhomes. Do tin cay noi bo: high.","","2026-04-09T00:00:00"
"PUB010","Dai hoc VinUni","vinuniversity","119","Vinhomes Ocean Park","https://vinhomes.vn/en/Vinhomes-Ocean-Park","Gia tri: inside_project. VinUniversity duoc liet ke la tien ich/landmark trong du an. Khu vuc/ap dung: Vinhomes Ocean Park, Gia Lam, Ha Noi. Loai nguon: official_vinhomes. Do tin cay noi bo: high.","","2026-04-09T00:00:00"
"PUB011","He thong truong Vinschool","vinschool","119","Vinhomes Ocean Park","https://vinhomes.vn/en/Vinhomes-Ocean-Park","Gia tri: inside_project. Vinschool duoc liet ke la tien ich/landmark trong du an. Khu vuc/ap dung: Vinhomes Ocean Park, Gia Lam, Ha Noi. Loai nguon: official_vinhomes. Do tin cay noi bo: high.","","2026-04-09T00:00:00"
"PUB012","Vincom Mega Mall Ocean Park","vincom_mega_mall","119","Vinhomes Ocean Park","https://vinhomes.vn/en/Vinhomes-Ocean-Park","Gia tri: inside_project. Vincom Mega Mall duoc liet ke la tien ich/landmark trong du an. Khu vuc/ap dung: Vinhomes Ocean Park, Gia Lam, Ha Noi. Loai nguon: official_vinhomes. Do tin cay noi bo: high.","","2026-04-09T00:00:00"
"PUB013","Khoang cach den Hoc vien Nong nghiep Viet Nam","hoc_vien_nong_nghiep","119","Vinhomes Ocean Park","https://market.vinhomes.vn/blog/vinhomes-ocean-park-gia-lam-co-nhung-tien-ich-gi","Gia tri: 2.4 km. Tien ich gan du an theo bai hoi dap cua Vinhomes Market. Khu vuc/ap dung: Gan Vinhomes Ocean Park 1, Gia Lam, Ha Noi. Loai nguon: market_vinhomes. Do tin cay noi bo: medium.","2024-06-28T00:00:00","2026-04-09T00:00:00"
"PUB014","Khoang cach den Benh vien Da khoa Gia Lam","benh_vien_gia_lam","119","Vinhomes Ocean Park","https://market.vinhomes.vn/blog/vinhomes-ocean-park-gia-lam-co-nhung-tien-ich-gi","Gia tri: 2.4 km. Tien ich gan du an theo bai hoi dap cua Vinhomes Market. Khu vuc/ap dung: Gan Vinhomes Ocean Park 1, Gia Lam, Ha Noi. Loai nguon: market_vinhomes. Do tin cay noi bo: medium.","2024-06-28T00:00:00","2026-04-09T00:00:00"
"PUB015","Khoang cach den THPT Cao Ba Quat","thpt_cao_ba_quat","119","Vinhomes Ocean Park","https://market.vinhomes.vn/blog/vinhomes-ocean-park-gia-lam-co-nhung-tien-ich-gi","Gia tri: 4.8 km. Tien ich gan du an theo bai hoi dap cua Vinhomes Market. Khu vuc/ap dung: Gan Vinhomes Ocean Park 1, Gia Lam, Ha Noi. Loai nguon: market_vinhomes. Do tin cay noi bo: medium.","2024-06-28T00:00:00","2026-04-09T00:00:00"
"PUB016","Khoang cach den THPT Nguyen Van Cu","thpt_nguyen_van_cu","119","Vinhomes Ocean Park","https://market.vinhomes.vn/blog/vinhomes-ocean-park-gia-lam-co-nhung-tien-ich-gi","Gia tri: 4.8 km. Tien ich gan du an theo bai hoi dap cua Vinhomes Market. Khu vuc/ap dung: Gan Vinhomes Ocean Park 1, Gia Lam, Ha Noi. Loai nguon: market_vinhomes. Do tin cay noi bo: medium.","2024-06-28T00:00:00","2026-04-09T00:00:00"
"PUB017","Khoang cach den Vincom Plaza Long Bien","vincom_long_bien","119","Vinhomes Ocean Park","https://market.vinhomes.vn/blog/vinhomes-ocean-park-gia-lam-co-nhung-tien-ich-gi","Gia tri: 9.6 km. Tien ich gan du an theo bai hoi dap cua Vinhomes Market. Khu vuc/ap dung: Gan Vinhomes Ocean Park 1, Gia Lam, Ha Noi. Loai nguon: market_vinhomes. Do tin cay noi bo: medium.","2024-06-28T00:00:00","2026-04-09T00:00:00"
"PUB018","Tuyen VinBus E01","vinbus_e01","119","Vinhomes Ocean Park","https://vinbus.vn/gioi-thieu/mang-luoi-tuyen","Gia tri: BX My Dinh - Nga Tu So - KDT Ocean Park. Mang luoi tuyen VinBus tai Ha Noi. Khu vuc/ap dung: Ha Noi. Loai nguon: official_vinbus. Do tin cay noi bo: high.","","2026-04-09T00:00:00"
"PUB019","Tuyen VinBus E02","vinbus_e02","119","Vinhomes Ocean Park","https://vinbus.vn/gioi-thieu/mang-luoi-tuyen","Gia tri: Hao Nam - Long Bien - KDT Ocean Park. Mang luoi tuyen VinBus tai Ha Noi. Khu vuc/ap dung: Ha Noi. Loai nguon: official_vinbus. Do tin cay noi bo: high.","","2026-04-09T00:00:00"
"PUB020","Tuyen VinBus E03","vinbus_e03","119","Vinhomes Ocean Park","https://vinbus.vn/gioi-thieu/mang-luoi-tuyen","Gia tri: My Dinh (Ham Nghi) - Thai Ha - KDT Ocean Park. Mang luoi tuyen VinBus tai Ha Noi. Khu vuc/ap dung: Ha Noi. Loai nguon: official_vinbus. Do tin cay noi bo: high.","","2026-04-09T00:00:00"
"PUB021","Tuyen VinBus E10","vinbus_e10","119","Vinhomes Ocean Park","https://vinbus.vn/gioi-thieu/mang-luoi-tuyen","Gia tri: KDT Ocean Park - San bay Noi Bai. Mang luoi tuyen VinBus tai Ha Noi. Khu vuc/ap dung: Ha Noi. Loai nguon: official_vinbus. Do tin cay noi bo: high.","","2026-04-09T00:00:00"
"PUB022","Hieu luc dieu chinh tuyen E03 va E04","e03_adjustment_2024","119","Vinhomes Ocean Park","https://vinbus.vn/vinbus-xin-thong-bao-ve-viec-dieu-chinh-lo-trinh-tan-suat-va-thoi-gian-hoat-dong-tuyen-e03-va-e04-ke-tu-ngay-01-01-2024","Gia tri: 2024-01-01 date. VinBus thong bao dieu chinh lo trinh, tan suat va thoi gian hoat dong tuyen E03 va E04 tu ngay 01/01/2024. Khu vuc/ap dung: Ha Noi. Loai nguon: official_vinbus. Do tin cay noi bo: high.","2024-01-01T00:00:00","2026-04-09T00:00:00"
"PUB023","Hieu luc van hanh tuyen E10","e10_operation_2024","119","Vinhomes Ocean Park","https://vinbus.vn/vi/vinbus-chinh-thuc-van-hanh-tuyen-e10-kdt-ocean-park-cang-hang-khong-quoc-te-noi-bai-ke-tu-ngay-01-01-2024","Gia tri: 2024-01-01 date. VinBus thong bao van hanh tuyen E10 KDT Ocean Park - Cang hang khong quoc te Noi Bai tu ngay 01/01/2024. Khu vuc/ap dung: Ha Noi. Loai nguon: official_vinbus. Do tin cay noi bo: high.","2024-01-01T00:00:00","2026-04-09T00:00:00"
"PUB024","Phi gui xe may","parking_motorbike_monthly","119","Vinhomes Ocean Park","https://market.vinhomes.vn/blog/phi-gui-xe-tai-vinhomes-ocean-park-gia-lam-la-bao-nhieu","Gia tri: 45000 VND_per_month. Phi gui xe may theo thang tai Vinhomes Ocean Park 1. Khu vuc/ap dung: Vinhomes Ocean Park 1, Gia Lam, Ha Noi. Loai nguon: market_vinhomes. Do tin cay noi bo: medium.","2024-09-23T00:00:00","2026-04-09T00:00:00"
"PUB025","Phi gui xe o to nha xe noi va ham","parking_car_monthly","119","Vinhomes Ocean Park","https://market.vinhomes.vn/blog/phi-gui-xe-tai-vinhomes-ocean-park-gia-lam-la-bao-nhieu","Gia tri: 1250000 VND_per_month. Phi gui xe o to theo thang tai nha xe noi va ham. Khu vuc/ap dung: Vinhomes Ocean Park 1, Gia Lam, Ha Noi. Loai nguon: market_vinhomes. Do tin cay noi bo: medium.","2024-09-23T00:00:00","2026-04-09T00:00:00"
"PUB026","Phi gui xe o to nha xe noi Hai Au 3","parking_car_hai_au_3_monthly","119","Vinhomes Ocean Park","https://market.vinhomes.vn/blog/phi-gui-xe-tai-vinhomes-ocean-park-gia-lam-la-bao-nhieu","Gia tri: 500000 VND_per_month. Muc phi ghi den het 31/12/2024 trong bai viet nguon. Khu vuc/ap dung: Vinhomes Ocean Park 1, Gia Lam, Ha Noi. Loai nguon: market_vinhomes. Do tin cay noi bo: low.","2024-09-23T00:00:00","2026-04-09T00:00:00"
"PUB027","Phi dich vu khu Sapphire","service_fee_sapphire","119","Vinhomes Ocean Park","https://market.vinhomes.vn/blog/phi-dich-vu-tai-vinhomes-ocean-park-bao-nhieu","Gia tri: 13000 VND_per_m2. Phi dich vu cao tang dong san pham Sapphire. Khu vuc/ap dung: Vinhomes Ocean Park 1, Gia Lam, Ha Noi. Loai nguon: market_vinhomes. Do tin cay noi bo: medium.","2024-07-06T00:00:00","2026-04-09T00:00:00"
"PUB028","Phi dich vu khu Pavillon co be suc va tien ich tang 13","service_fee_pavillon_spa","119","Vinhomes Ocean Park","https://market.vinhomes.vn/blog/phi-dich-vu-tai-vinhomes-ocean-park-bao-nhieu","Gia tri: 17500 VND_per_m2. Phi dich vu khu Pavillon P1 P2 P3 co be suc va tien ich tang 13. Khu vuc/ap dung: Vinhomes Ocean Park 1, Gia Lam, Ha Noi. Loai nguon: market_vinhomes. Do tin cay noi bo: medium.","2024-07-06T00:00:00","2026-04-09T00:00:00"
"PUB029","Phi dich vu khu The Zen Park","service_fee_zen_park","119","Vinhomes Ocean Park","https://market.vinhomes.vn/blog/phi-dich-vu-tai-vinhomes-ocean-park-bao-nhieu","Gia tri: 18000 VND_per_m2. Phi dich vu dong san pham Ruby tai The Zen Park. Khu vuc/ap dung: Vinhomes Ocean Park 1, Gia Lam, Ha Noi. Loai nguon: market_vinhomes. Do tin cay noi bo: medium.","2024-07-06T00:00:00","2026-04-09T00:00:00"
"PUB030","Ve boi cho cu dan","pool_resident_ticket","119","Vinhomes Ocean Park","https://market.vinhomes.vn/blog/phi-dich-vu-tai-vinhomes-ocean-park-bao-nhieu","Gia tri: 30000 VND_per_person_per_visit. Ap dung voi nhom cu dan khu Sapphire theo bai viet nguon. Khu vuc/ap dung: Vinhomes Ocean Park 1, Gia Lam, Ha Noi. Loai nguon: market_vinhomes. Do tin cay noi bo: medium.","2024-07-06T00:00:00","2026-04-09T00:00:00"
"PUB031","Ve thang be boi","pool_month_pass","119","Vinhomes Ocean Park","https://market.vinhomes.vn/blog/phi-dich-vu-tai-vinhomes-ocean-park-bao-nhieu","Gia tri: 400000 VND_per_person. Ve thang su dung be boi theo bai viet nguon. Khu vuc/ap dung: Vinhomes Ocean Park 1, Gia Lam, Ha Noi. Loai nguon: market_vinhomes. Do tin cay noi bo: medium.","2024-07-06T00:00:00","2026-04-09T00:00:00"
"PUB032","Phi su dung BBQ","bbq_rental","119","Vinhomes Ocean Park","https://market.vinhomes.vn/blog/phi-dich-vu-tai-vinhomes-ocean-park-bao-nhieu","Gia tri: 200000 VND_per_grill_per_2_hours. Phi su dung BBQ, yeu cau dat lich va thanh toan truoc tren app Vinhomes Resident theo bai viet nguon. Khu vuc/ap dung: Vinhomes Ocean Park 1, Gia Lam, Ha Noi. Loai nguon: market_vinhomes. Do tin cay noi bo: medium.","2024-07-06T00:00:00","2026-04-09T00:00:00"
"PUB033","Ve ho Lagoon cho cu dan","lagoon_resident_ticket","119","Vinhomes Ocean Park","https://market.vinhomes.vn/blog/phi-dich-vu-tai-vinhomes-ocean-park-bao-nhieu","Gia tri: 200000 VND_per_person_per_visit. Gia ve cu dan theo bai viet nguon. Khu vuc/ap dung: Vinhomes Ocean Park 1, Gia Lam, Ha Noi. Loai nguon: market_vinhomes. Do tin cay noi bo: medium.","2024-07-06T00:00:00","2026-04-09T00:00:00"
"PUB034","Khayak don 1 gio","kayak_single","119","Vinhomes Ocean Park","https://market.vinhomes.vn/blog/phi-dich-vu-tai-vinhomes-ocean-park-bao-nhieu","Gia tri: 100000 VND_per_hour. Gia thuyen kayak don. Khu vuc/ap dung: Vinhomes Ocean Park 1, Gia Lam, Ha Noi. Loai nguon: market_vinhomes. Do tin cay noi bo: medium.","2024-07-06T00:00:00","2026-04-09T00:00:00"
"PUB035","Kayak doi 1 gio","kayak_double","119","Vinhomes Ocean Park","https://market.vinhomes.vn/blog/phi-dich-vu-tai-vinhomes-ocean-park-bao-nhieu","Gia tri: 200000 VND_per_hour. Gia thuyen kayak doi. Khu vuc/ap dung: Vinhomes Ocean Park 1, Gia Lam, Ha Noi. Loai nguon: market_vinhomes. Do tin cay noi bo: medium.","2024-07-06T00:00:00","2026-04-09T00:00:00"
"PLC001","Gan Vinhomes Ocean Park co dia diem vui choi nao: Bien ho nuoc man OCP1?","bien-ho-nuoc-man-ocp1","119","Vinhomes Ocean Park","https://vinwonders.com/vi/wonderpedia/news/vinhomes-ocean-park-tron-bo-kinh-nghiem-vui-choi/","Dia diem: Bien ho nuoc man OCP1. Nhom: play / beach_lake. Pham vi: inside_ocp1. Khoang cach/quy mo: 6.1 ha. Vi tri goi y: Vinhomes Ocean Park 1 Gia Lam. Hoat dong phu hop: check-in; di dao; nghi duong. Doi tuong phu hop: gia dinh; cap doi; nhom ban. Bien ho nuoc man la mot diem nhan vui choi va thu gian noi bat cua Vinhomes Ocean Park 1. Loai nguon: vinwonders_wonderpedia. Do tin cay noi bo: high.","","2026-04-09T00:00:00"
"PLC002","Gan Vinhomes Ocean Park co dia diem vui choi nao: Ho Ngoc Trai?","ho-ngoc-trai","119","Vinhomes Ocean Park","https://vinwonders.com/vi/wonderpedia/news/vinhomes-ocean-park-tron-bo-kinh-nghiem-vui-choi/","Dia diem: Ho Ngoc Trai. Nhom: play / lake_walk. Pham vi: inside_ocp1. Khoang cach/quy mo: 24.5 ha. Vi tri goi y: Vinhomes Ocean Park 1 Gia Lam. Hoat dong phu hop: di dao; ngam canh; check-in. Doi tuong phu hop: gia dinh; cap doi; nhom ban. Ho Ngoc Trai la ho trung tam lon, hop cho dao bo va cac hoat dong ngoai troi nhe. Loai nguon: vinwonders_wonderpedia. Do tin cay noi bo: high.","","2026-04-09T00:00:00"
"PLC003","Gan Vinhomes Ocean Park co dia diem an uong nao: Vincom Mega Mall Ocean Park?","vincom-mega-mall-ocean-park","119","Vinhomes Ocean Park","https://vinwonders.com/vi/wonderpedia/news/vinhomes-ocean-park-tron-bo-kinh-nghiem-vui-choi/","Dia diem: Vincom Mega Mall Ocean Park. Nhom: eat / shopping_mall. Pham vi: inside_ocp1. Vi tri goi y: Vinhomes Ocean Park 1 Gia Lam. Hoat dong phu hop: an uong; mua sam; cafe; tranh nong. Doi tuong phu hop: gia dinh; cap doi; nhom ban. Trung tam thuong mai trong khu do thi, phu hop ket hop an uong va vui choi trong nha. Loai nguon: vinwonders_wonderpedia. Do tin cay noi bo: high.","","2026-04-09T00:00:00"
"PLC004","Gan Vinhomes Ocean Park co dia diem an uong nao: Vuon nuong BBQ OCP1?","vuon-nuong-bbq-ocp1","119","Vinhomes Ocean Park","https://vinhomes.vn/vi/tien-ich-vinhomes-ocean-park-xung-tam-dang-cap-quoc-te","Dia diem: Vuon nuong BBQ OCP1. Nhom: eat / outdoor_bbq. Pham vi: inside_ocp1. Khoang cach/quy mo: 6 cong vien, hon 100 diem nuong. Vi tri goi y: Vinhomes Ocean Park 1 Gia Lam. Hoat dong phu hop: bbq; picnic; tu tap nhom. Doi tuong phu hop: gia dinh; nhom ban; team. Khu BBQ ngoai troi la mot hoat dong an uong - vui choi pho bien tai OCP1. Loai nguon: official_vinhomes. Do tin cay noi bo: high.","","2026-04-09T00:00:00"
"PLC005","Gan Vinhomes Ocean Park co dia diem vui choi nao: He thong san choi tre em?","he-thong-san-choi-tre-em","119","Vinhomes Ocean Park","https://vinhomes.vn/vi/tong-quan-ve-tien-ich-vinhomes-ocean-park","Dia diem: He thong san choi tre em. Nhom: play / kids_playground. Pham vi: inside_ocp1. Khoang cach/quy mo: 60+ san choi. Vi tri goi y: Vinhomes Ocean Park 1 Gia Lam. Hoat dong phu hop: choi tre em; van dong nhe. Doi tuong phu hop: gia dinh co tre nho. Noi bat voi nhieu san choi noi khu va ven ho theo cac chu de khac nhau. Loai nguon: official_vinhomes. Do tin cay noi bo: high.","","2026-04-09T00:00:00"
"PLC006","Gan Vinhomes Ocean Park co dia diem vui choi nao: He thong the thao OCP1?","he-thong-the-thao-ocp1","119","Vinhomes Ocean Park","https://vinhomes.vn/en/Vinhomes-Ocean-Park","Dia diem: He thong the thao OCP1. Nhom: play / sports. Pham vi: inside_ocp1. Khoang cach/quy mo: 150 khu the thao. Vi tri goi y: Vinhomes Ocean Park 1 Gia Lam. Hoat dong phu hop: tap luyen; van dong; giai tri. Doi tuong phu hop: nguoi lon; nhom ban. Khu do thi co nhieu khu the thao va khong gian van dong ngoai troi. Loai nguon: official_vinhomes. Do tin cay noi bo: high.","","2026-04-09T00:00:00"
"PLC007","Gan Vinhomes Ocean Park co dia diem vui choi nao: Grand World?","grand-world","119","Vinhomes Ocean Park","https://vinwonders.com/vi/wonderpedia/news/vinhomes-ocean-park-tron-bo-kinh-nghiem-vui-choi/","Dia diem: Grand World. Nhom: play / entertainment_complex. Pham vi: near_ocp1. Khoang cach/quy mo: cach OCP1 khoang 7.3 km. Vi tri goi y: Ocean City khu vuc OCP2-OCP3. Hoat dong phu hop: check-in; xem show; mua sam; an uong. Doi tuong phu hop: gia dinh; cap doi; nhom ban. To hop vui choi, giai tri va mua sam lon, phu hop cho lich trinh nua ngay hoac mot ngay. Loai nguon: vinwonders_wonderpedia. Do tin cay noi bo: high.","","2026-04-09T00:00:00"
"PLC008","Gan Vinhomes Ocean Park co dia diem vui choi nao: The Venice?","the-venice","119","Vinhomes Ocean Park","https://vinwonders.com/vi/grand-world/","Dia diem: The Venice. Nhom: play / photo_spot. Pham vi: near_ocp1. Khoang cach/quy mo: thuoc Grand World. Vi tri goi y: Grand World Ocean City. Hoat dong phu hop: check-in; di dao; chup anh. Doi tuong phu hop: cap doi; nhom ban; gia dinh. Phan khu Chao Tay ben song voi canh quan de chup anh va tham quan. Loai nguon: official_vinwonders. Do tin cay noi bo: high.","","2026-04-09T00:00:00"
"PLC009","Gan Vinhomes Ocean Park co dia diem vui choi nao: K-Town?","k-town","119","Vinhomes Ocean Park","https://vinwonders.com/vi/grand-world/","Dia diem: K-Town. Nhom: play / cultural_street. Pham vi: near_ocp1. Khoang cach/quy mo: thuoc Grand World. Vi tri goi y: Grand World Ocean City. Hoat dong phu hop: an uong; check-in; tham quan pho Han. Doi tuong phu hop: gioi tre; cap doi; nhom ban. Phan khu pho Han so dong, hop cho an uong va di dao buoi toi. Loai nguon: official_vinwonders. Do tin cay noi bo: high.","","2026-04-09T00:00:00"
"PLC010","Gan Vinhomes Ocean Park co dia diem vui choi nao: Gondola tren song Venice?","gondola-tren-song-venice","119","Vinhomes Ocean Park","https://vinwonders.com/vi/wonderpedia/news/kinh-nghiem-kham-pha-grand-world/","Dia diem: Gondola tren song Venice. Nhom: play / boat_experience. Pham vi: near_ocp1. Khoang cach/quy mo: thuoc Grand World. Vi tri goi y: Grand World Ocean City. Hoat dong phu hop: di thuyen; ngam canh; chup anh. Doi tuong phu hop: cap doi; gia dinh. Trai nghiem di thuyen Gondola la mot trong cac hoat dong noi bat tai Grand World. Loai nguon: vinwonders_wonderpedia. Do tin cay noi bo: high.","","2026-04-09T00:00:00"
"PLC011","Gan Vinhomes Ocean Park co dia diem vui choi nao: The Grand Voyage?","the-grand-voyage","119","Vinhomes Ocean Park","https://vinwonders.com/vi/grand-world/","Dia diem: The Grand Voyage. Nhom: play / show. Pham vi: near_ocp1. Khoang cach/quy mo: thuoc Grand World. Vi tri goi y: Grand World Ocean City. Hoat dong phu hop: xem show; giai tri toi. Doi tuong phu hop: gia dinh; cap doi; nhom ban. Show dien noi bat duoc Grand World quang ba tren trang chinh thuc. Loai nguon: official_vinwonders. Do tin cay noi bo: high.","","2026-04-09T00:00:00"
"PLC012","Gan Vinhomes Ocean Park co dia diem vui choi nao: VinWonders Wave Park?","vinwonders-wave-park","119","Vinhomes Ocean Park","https://vinwonders.com/vi/wonderpedia/news/vinhomes-ocean-park-tron-bo-kinh-nghiem-vui-choi/","Dia diem: VinWonders Wave Park. Nhom: play / wave_park. Pham vi: near_ocp1. Khoang cach/quy mo: cach OCP1 khoang 8 km. Vi tri goi y: Ocean Park 2. Hoat dong phu hop: tam nuoc; choi the thao bien; check-in. Doi tuong phu hop: gia dinh; nhom ban. Cong vien bien nhan tao co be tao song va cac hoat dong the thao bien. Loai nguon: vinwonders_wonderpedia. Do tin cay noi bo: high.","","2026-04-09T00:00:00"
"PLC013","Gan Vinhomes Ocean Park co dia diem vui choi nao: VinWonders Water Park?","vinwonders-water-park","119","Vinhomes Ocean Park","https://vinwonders.com/vi/wonderpedia/news/vinhomes-ocean-park-tron-bo-kinh-nghiem-vui-choi/","Dia diem: VinWonders Water Park. Nhom: play / water_park. Pham vi: near_ocp1. Khoang cach/quy mo: cach OCP1 khoang 8 km. Vi tri goi y: Ocean Park 3. Hoat dong phu hop: truot nuoc; choi nuoc; giai tri gia dinh. Doi tuong phu hop: gia dinh; nhom ban. Cong vien nuoc voi nhieu cum duong truot va khu vui choi nuoc cho tre em. Loai nguon: vinwonders_wonderpedia. Do tin cay noi bo: high.","","2026-04-09T00:00:00"
"PLC014","Gan Vinhomes Ocean Park co dia diem vui choi nao: Aquafield Ocean City?","aquafield-ocean-city","119","Vinhomes Ocean Park","https://vinwonders.com/en/aquafield-ocean-city/","Dia diem: Aquafield Ocean City. Nhom: play / spa_sauna. Pham vi: near_ocp1. Khoang cach/quy mo: mo cua 10:00-22:00. Vi tri goi y: Level 2 Vincom Mega Mall Ocean City. Hoat dong phu hop: xong hoi; spa; thu gian. Doi tuong phu hop: nguoi lon; cap doi; nhom ban. To hop spa va xong hoi phong cach Han Quoc trong khu Ocean City. Loai nguon: official_vinwonders. Do tin cay noi bo: high.","","2026-04-09T00:00:00"
"PLC015","Gan Vinhomes Ocean Park co dia diem an uong nao: The Coffee House?","the-coffee-house","119","Vinhomes Ocean Park","https://vincom.com.vn/store/the-coffee-house-vincom-mega-mall-ocean-park","Dia diem: The Coffee House. Nhom: eat / cafe. Pham vi: inside_ocp1. Vi tri goi y: Vincom Mega Mall Ocean Park. Hoat dong phu hop: cafe; gap go; nghi chan. Doi tuong phu hop: ca nhan; cap doi; nhom ban. Quan cafe thuong hieu lon, hop cho dung chan trong lich trinh tham quan OCP1. Loai nguon: official_vincom. Do tin cay noi bo: high.","","2026-04-09T00:00:00"
"PLC016","Gan Vinhomes Ocean Park co dia diem an uong nao: GoGi House?","gogi-house","119","Vinhomes Ocean Park","https://vincom.com.vn/store/gogi-house-vincom-mega-mall-ocean","Dia diem: GoGi House. Nhom: eat / restaurant_bbq. Pham vi: inside_ocp1. Vi tri goi y: Vincom Mega Mall Ocean Park. Hoat dong phu hop: an toi; nuong Han Quoc; hop nhom. Doi tuong phu hop: gia dinh; nhom ban. Nha hang nuong Han Quoc co mat tai Vincom Mega Mall Ocean Park. Loai nguon: official_vincom. Do tin cay noi bo: high.","","2026-04-09T00:00:00"
"PLC017","Gan Vinhomes Ocean Park co dia diem an uong nao: Beef Hotpot?","beef-hotpot","119","Vinhomes Ocean Park","https://vincom.com.vn/store/beef-hotpot-vincom-mega-mall-ocean-park","Dia diem: Beef Hotpot. Nhom: eat / hotpot_restaurant. Pham vi: inside_ocp1. Vi tri goi y: Vincom Mega Mall Ocean Park. Hoat dong phu hop: lau; an toi; hop nhom. Doi tuong phu hop: gia dinh; nhom ban. Nha hang lau thit bo tai Vincom Mega Mall Ocean Park. Loai nguon: official_vincom. Do tin cay noi bo: high.","","2026-04-09T00:00:00"
"PLC018","Gan Vinhomes Ocean Park co dia diem an uong nao: Trau Kien Minh?","trau-kien-minh","119","Vinhomes Ocean Park","https://vincom.com.vn/store/trau-kien-minh-vincom-mega-mall-ocean-park","Dia diem: Trau Kien Minh. Nhom: eat / vietnamese_restaurant. Pham vi: inside_ocp1. Vi tri goi y: Vincom Mega Mall Ocean Park. Hoat dong phu hop: mon Viet; nhau; an nhom. Doi tuong phu hop: gia dinh; nhom ban. Nha hang mon Viet voi cac mon trau va dac san theo mo ta cua trang gian hang. Loai nguon: official_vincom. Do tin cay noi bo: high.","","2026-04-09T00:00:00"
"PLC019","Gan Vinhomes Ocean Park co dia diem an uong nao: Cha Ca Van Van?","cha-ca-van-van","119","Vinhomes Ocean Park","https://vincom.com.vn/store/cha-ca-van-van-vincom-mega-mall-ocean-park","Dia diem: Cha Ca Van Van. Nhom: eat / specialty_restaurant. Pham vi: inside_ocp1. Vi tri goi y: Vincom Mega Mall Ocean Park. Hoat dong phu hop: cha ca; an toi. Doi tuong phu hop: gia dinh; nhom ban. Dia diem an uong chuyen mon cha ca tai Vincom Mega Mall Ocean Park. Loai nguon: official_vincom. Do tin cay noi bo: high.","","2026-04-09T00:00:00"
"PLC020","Gan Vinhomes Ocean Park co dia diem an uong nao: Roll Story?","roll-story","119","Vinhomes Ocean Park","https://vincom.com.vn/store/roll-story-vincom-mega-mall-ocean-park","Dia diem: Roll Story. Nhom: eat / bbq_restaurant. Pham vi: inside_ocp1. Vi tri goi y: Vincom Mega Mall Ocean Park. Hoat dong phu hop: nuong; an toi; hop nhom. Doi tuong phu hop: gia dinh; nhom ban. Nha hang nuong co mat tai Vincom Mega Mall Ocean Park. Loai nguon: official_vincom. Do tin cay noi bo: high.","","2026-04-09T00:00:00"
"PLC021","Gan Vinhomes Ocean Park co dia diem an uong nao: BreadTalk?","breadtalk","119","Vinhomes Ocean Park","https://vincom.com.vn/store/breadtalk-vincom-mega-mall-ocean-park","Dia diem: BreadTalk. Nhom: eat / bakery. Pham vi: inside_ocp1. Vi tri goi y: Vincom Mega Mall Ocean Park. Hoat dong phu hop: banh; an nhe; mang di. Doi tuong phu hop: ca nhan; gia dinh. Tiem banh phu hop an nhe, mua mang di trong hanh trinh tham quan. Loai nguon: official_vincom. Do tin cay noi bo: high.","","2026-04-09T00:00:00"
"PLC022","Gan Vinhomes Ocean Park co dia diem an uong nao: Long Wang?","long-wang","119","Vinhomes Ocean Park","https://vinwonders.com/vi/wonderpedia/news/an-gi-o-grand-world/","Dia diem: Long Wang. Nhom: eat / hotpot_restaurant. Pham vi: near_ocp1. Khoang cach/quy mo: thuoc Grand World. Vi tri goi y: Grand World Ocean City. Hoat dong phu hop: lau; an toi; hop nhom. Doi tuong phu hop: gia dinh; nhom ban. VinWonders Wonderpedia liet ke Long Wang trong nhom nha hang dang chu y tai Grand World Hung Yen. Loai nguon: vinwonders_wonderpedia. Do tin cay noi bo: medium.","","2026-04-09T00:00:00"
"PLC023","Gan Vinhomes Ocean Park co dia diem an uong nao: Bo To Quan Moc?","bo-to-quan-moc","119","Vinhomes Ocean Park","https://vinwonders.com/vi/wonderpedia/news/an-gi-o-grand-world/","Dia diem: Bo To Quan Moc. Nhom: eat / vietnamese_restaurant. Pham vi: near_ocp1. Khoang cach/quy mo: thuoc Grand World. Vi tri goi y: Grand World Ocean City. Hoat dong phu hop: an toi; mon Viet; hop nhom. Doi tuong phu hop: gia dinh; nhom ban. Duoc Wonderpedia liet ke trong danh sach dia diem am thuc tai Grand World. Loai nguon: vinwonders_wonderpedia. Do tin cay noi bo: medium.","","2026-04-09T00:00:00"
"PLC024","Gan Vinhomes Ocean Park co dia diem an uong nao: Yukichi Ramen?","yukichi-ramen","119","Vinhomes Ocean Park","https://vinwonders.com/vi/wonderpedia/news/an-gi-o-grand-world/","Dia diem: Yukichi Ramen. Nhom: eat / ramen_restaurant. Pham vi: near_ocp1. Khoang cach/quy mo: thuoc Grand World. Vi tri goi y: Grand World Ocean City. Hoat dong phu hop: ramen; an toi; an nhanh. Doi tuong phu hop: cap doi; nhom ban. Duoc Wonderpedia liet ke trong danh sach dia diem am thuc tai Grand World. Loai nguon: vinwonders_wonderpedia. Do tin cay noi bo: medium.","","2026-04-09T00:00:00"
"PLC025","Gan Vinhomes Ocean Park co dia diem an uong nao: Kai BBQ?","kai-bbq","119","Vinhomes Ocean Park","https://vinwonders.com/vi/wonderpedia/news/an-gi-o-grand-world/","Dia diem: Kai BBQ. Nhom: eat / japanese_bbq. Pham vi: near_ocp1. Khoang cach/quy mo: thuoc Grand World. Vi tri goi y: Grand World Ocean City. Hoat dong phu hop: nuong Nhat; an toi; hop nhom. Doi tuong phu hop: gia dinh; nhom ban. Duoc Wonderpedia liet ke trong danh sach dia diem am thuc tai Grand World. Loai nguon: vinwonders_wonderpedia. Do tin cay noi bo: medium.","","2026-04-09T00:00:00"
"PLC026","Gan Vinhomes Ocean Park co dia diem an uong nao: Nam De Ninh Binh?","nam-de-ninh-binh","119","Vinhomes Ocean Park","https://vinwonders.com/vi/wonderpedia/news/an-gi-o-grand-world/","Dia diem: Nam De Ninh Binh. Nhom: eat / specialty_restaurant. Pham vi: near_ocp1. Khoang cach/quy mo: thuoc Grand World. Vi tri goi y: Grand World Ocean City. Hoat dong phu hop: dac san de; an nhom. Doi tuong phu hop: gia dinh; nhom ban. Duoc Wonderpedia liet ke trong danh sach dia diem am thuc tai Grand World. Loai nguon: vinwonders_wonderpedia. Do tin cay noi bo: medium.","","2026-04-09T00:00:00"
